Designator,Val,Package,Mid X,Mid Y,Rotation,Layer
C1,22u,C_1206_3216Metric,10.5,-29.0,0.0,top
C10,0.01u,C_0603_1608Metric,39.5,-45.0,90.0,top
C11,0.01u,C_0603_1608Metric,41.5,-41.5,90.0,top
C12,1000p,C_1206_3216Metric,12.5,-3.5,0.0,top
C2,22u,C_1206_3216Metric,11.5,-25.25,90.0,top
C3,0.01u,C_0603_1608Metric,30.5,-16.0,-90.0,top
C4,0.01u,C_0603_1608Metric,39.5,-20.5,90.0,top
C5,0.01u,C_0603_1608Metric,41.5,-17.0,90.0,top
C6,0.01u,C_0603_1608Metric,30.5,-28.0,-90.0,top
C7,0.01u,C_0603_1608Metric,30.5,-40.5,-90.0,top
C8,0.01u,C_0603_1608Metric,39.5,-32.5,90.0,top
C9,0.01u,C_0603_1608Metric,41.5,-29.0,90.0,top
D1,PZ1AH11B-AU,D_SOD-123HE_PZ1AHxxxB-AU,7.075,-26.25,180.0,top
D10,LED,LED_0603_1608Metric,50.25,-35.0,90.0,top
D11,LED,LED_0603_1608Metric,50.25,-47.5,90.0,top
D2,LED,LED_0603_1608Metric,4.25,-30.5,0.0,top
D3,LED,LED_0603_1608Metric,23.75,-15.5,-90.0,top
D4,1N4448WQ-7-F,D_SOD-123_1N4448W,54.5,-22.0,-90.0,top
D5,LED,LED_0603_1608Metric,50.25,-23.0,90.0,top
D6,1N4448WQ-7-F,D_SOD-123_1N4448W,54.5,-34.0,-90.0,top
D7,1N4448WQ-7-F,D_SOD-123_1N4448W,54.5,-46.0,-90.0,top
D8,LED,LED_0603_1608Metric,23.75,-27.5,-90.0,top
D9,LED,LED_0603_1608Metric,23.75,-39.5,-90.0,top
J1,BM02B-PASS-1-TF,Connector_BM02B-PASS-1-TF,7.5,-15.8,180.0,top
J10,BM02B-PASS-1-TF,Connector_BM02B-PASS-1-TF,55.0,-7.3,180.0,top
J2,BM03B-PASS-1-TF,Connector_BM03B-PASS-1-TF,40.0,-7.3,180.0,top
J3,BM02B-PASS-1-TF,Connector_BM02B-PASS-1-TF,25.0,-7.3,180.0,top
J4,BM02B-PASS-1-TF,Connector_BM02B-PASS-1-TF,18.2,-19.0,90.0,top
J5,BM02B-PASS-1-TF,Connector_BM02B-PASS-1-TF,18.2,-31.0,90.0,top
J6,BM02B-PASS-1-TF,Connector_BM02B-PASS-1-TF,18.2,-43.0,90.0,top
J7,B2P-VH,Connector_B2P-VH,85.55,-19.98,-90.0,top
J8,BM02B-PASS-1-TF,Connector_BM02B-PASS-1-TF,75.0,-7.3,180.0,top
J9,BM02B-PASS-1-TF,Connector_BM02B-PASS-1-TF,65.0,-7.3,180.0,top
K1,G5Q-1A4_DC12,Relay_G5Q-1A4 DC12,66.57,-21.5,0.0,top
K2,G5Q-1A4_DC12,Relay_G5Q-1A4 DC12,66.57,-32.5,0.0,top
K3,G5Q-1A4_DC12,Relay_G5Q-1A4 DC12,66.57,-43.5,0.0,top
Q1,DMP3098LQ-7,Package_SOT-23_DMP3098LQ-7,6.5,-23.0,0.0,top
Q10,2N7002K-AU,Package_SOT-23_2N7002K-AU,47.5,-38.25,90.0,top
Q11,2N7002K-AU,Package_SOT-23_2N7002K-AU,33.25,-28.0,0.0,top
Q12,2N7002K-AU,Package_SOT-23_2N7002K-AU,33.25,-40.5,0.0,top
Q13,PJA3439-AU_R1_000A1,Package_SOT-23_PJA3439-AU_R1_000A1,35.0,-33.5,-90.0,top
Q14,PJA3439-AU_R1_000A1,Package_SOT-23_PJA3439-AU_R1_000A1,35.0,-46.0,-90.0,top
Q15,2N7002K-AU,Package_SOT-23_2N7002K-AU,53.5,-40.75,90.0,top
Q16,2N7002K-AU,Package_SOT-23_2N7002K-AU,38.75,-29.0,180.0,top
Q17,2N7002K-AU,Package_SOT-23_2N7002K-AU,38.75,-41.5,180.0,top
Q18,PJA3439-AU_R1_000A1,Package_SOT-23_PJA3439-AU_R1_000A1,42.25,-32.5,-90.0,top
Q19,PJA3439-AU_R1_000A1,Package_SOT-23_PJA3439-AU_R1_000A1,42.25,-45.0,-90.0,top
Q2,2N7002K-AU,Package_SOT-23_2N7002K-AU,47.5,-13.75,90.0,top
Q3,2N7002K-AU,Package_SOT-23_2N7002K-AU,53.5,-16.25,90.0,top
Q4,2N7002K-AU,Package_SOT-23_2N7002K-AU,33.25,-16.0,0.0,top
Q5,PJA3439-AU_R1_000A1,Package_SOT-23_PJA3439-AU_R1_000A1,35.0,-21.5,-90.0,top
Q6,2N7002K-AU,Package_SOT-23_2N7002K-AU,47.5,-25.75,90.0,top
Q7,2N7002K-AU,Package_SOT-23_2N7002K-AU,38.75,-17.0,180.0,top
Q8,PJA3439-AU_R1_000A1,Package_SOT-23_PJA3439-AU_R1_000A1,42.25,-20.5,-90.0,top
Q9,2N7002K-AU,Package_SOT-23_2N7002K-AU,53.5,-28.25,90.0,top
R1,100,R_0603_1608Metric,46.75,-19.0,-90.0,top
R10,0,R_0603_1608Metric,73.0,-13.5,180.0,top
R11,100,R_0603_1608Metric,33.5,-18.75,0.0,top
R12,10k,R_0603_1608Metric,6.25,-28.75,0.0,top
R13,10k,R_0603_1608Metric,23.75,-19.0,-90.0,top
R14,100,R_0603_1608Metric,46.75,-31.0,-90.0,top
R15,100k,R_0603_1608Metric,47.5,-28.5,180.0,top
R16,100k,R_0603_1608Metric,37.75,-20.5,-90.0,top
R17,100,R_0603_1608Metric,45.0,-19.5,-90.0,top
R18,100k,R_0603_1608Metric,43.25,-17.0,-90.0,top
R19,100k,R_0603_1608Metric,44.75,-25.75,-90.0,top
R2,100k,R_0603_1608Metric,3.75,-23.0,-90.0,top
R20,100,R_0603_1608Metric,50.25,-26.25,90.0,top
R21,100,R_0603_1608Metric,36.0,-18.0,-90.0,top
R22,10k,R_0603_1608Metric,48.5,-21.5,90.0,top
R23,0,R_0603_1608Metric,63.0,-13.5,180.0,top
R24,100,R_0603_1608Metric,46.75,-43.5,-90.0,top
R25,100k,R_0603_1608Metric,47.5,-41.0,180.0,top
R26,100,R_0603_1608Metric,27.0,-26.75,90.0,top
R27,100,R_0603_1608Metric,27.0,-38.5,90.0,top
R28,100k,R_0603_1608Metric,28.75,-28.0,90.0,top
R29,100k,R_0603_1608Metric,28.75,-40.5,90.0,top
R3,100k,R_0603_1608Metric,47.5,-16.5,180.0,top
R30,100k,R_0603_1608Metric,44.75,-38.25,-90.0,top
R31,100,R_0603_1608Metric,50.25,-38.75,90.0,top
R32,100k,R_0603_1608Metric,32.25,-33.5,-90.0,top
R33,100k,R_0603_1608Metric,32.25,-46.0,-90.0,top
R34,100,R_0603_1608Metric,33.5,-30.75,0.0,top
R35,100,R_0603_1608Metric,33.5,-43.25,0.0,top
R36,0,R_0603_1608Metric,53.0,-13.5,180.0,top
R37,10k,R_0603_1608Metric,23.75,-31.0,-90.0,top
R38,10k,R_0603_1608Metric,23.75,-43.0,-90.0,top
R39,100k,R_0603_1608Metric,37.75,-32.5,-90.0,top
R4,100k,R_0603_1608Metric,44.75,-13.75,-90.0,top
R40,100,R_0603_1608Metric,45.0,-31.5,-90.0,top
R41,100k,R_0603_1608Metric,43.25,-29.0,-90.0,top
R42,100k,R_0603_1608Metric,37.75,-45.0,-90.0,top
R43,100,R_0603_1608Metric,45.0,-44.0,-90.0,top
R44,100k,R_0603_1608Metric,43.25,-41.5,-90.0,top
R45,100,R_0603_1608Metric,36.0,-30.0,-90.0,top
R46,100,R_0603_1608Metric,36.0,-42.5,-90.0,top
R47,10k,R_0603_1608Metric,48.5,-33.5,90.0,top
R48,10k,R_0603_1608Metric,48.5,-46.0,90.0,top
R49,1M,R_1206_3216Metric,12.5,-6.5,180.0,top
R5,1M,R_0603_1608Metric,13.75,-25.0,-90.0,top
R6,100,R_0603_1608Metric,36.0,-13.0,0.0,top
R7,100,R_0603_1608Metric,50.25,-14.25,90.0,top
R8,100k,R_0603_1608Metric,28.75,-16.0,90.0,top
R9,100k,R_0603_1608Metric,32.25,-21.5,-90.0,top
